rc_pool,flags,rc_sorted,mem_pool,mem_sorted,pc_update
32767,1031,32763,1,1,33
32769,515,32763,290341444919459839,290341444919459839,0
32769,257,32763,0,1,0
32769,128,32763,0,290341444919459839,0
32769,64,32763,32,1,0
32769,32,32763,0,290341444919459839,0
32769,16,32763,91,1,0
32769,8,32763,0,290341444919459839,0
32767,4,32763,32,1,33
32769,2,32763,0,290341444919459839,0
32769,1,32764,0,1,0
32769,0,32764,0,290341444919459839,0
32769,0,32764,2,1,0
32769,0,32764,0,290341444919459839,0
32769,0,32764,91,1,0
32769,0,32764,0,290341444919459839,0
32768,4356,32764,3,1,33
32769,2178,32764,1226245742482522112,290341444919459839,0
32769,1089,32764,0,1,0
32769,544,32764,0,290341444919459839,0
32769,272,32764,34,1,20
32769,136,32764,5,290341444919459839,0
32769,68,32764,91,1,0
32769,34,32764,0,290341444919459839,0
32769,17,32764,33,1,33
32769,8,32764,33,290341444919459839,0
32769,4,32764,0,1,0
32769,2,32764,0,290341444919459839,0
32769,1,32764,4,1,4
32769,0,32764,4,290341444919459839,0
32769,0,32764,91,1,0
32769,0,32765,0,290341444919459839,0
32767,1031,32765,7,1,35
32769,515,32765,290341444919459839,290341444919459839,0
32769,257,32765,0,1,0
32769,128,32765,0,290341444919459839,0
32769,64,32765,34,1,0
32769,32,32765,5,290341444919459839,0
32769,16,32765,91,1,0
32769,8,32765,0,290341444919459839,0
32767,4,32765,34,1,35
32769,2,32765,5,290341444919459839,0
32769,1,32765,0,1,0
32769,0,32765,0,290341444919459839,0
32769,0,32765,8,1,0
32769,0,32765,0,290341444919459839,0
32769,0,32765,91,1,0
32769,0,32765,0,290341444919459839,0
32768,18438,32765,9,1,35
32769,9219,32765,5189976364521848832,290341444919459839,0
32769,4609,32765,0,1,0
32769,2304,32765,0,290341444919459839,0
32769,1152,32766,34,1,5
32769,576,32766,5,290341444919459839,0
32769,288,32766,91,1,0
32769,144,32766,0,290341444919459839,0
32767,72,32766,35,1,35
32769,36,32766,1,290341444919459839,0
32769,18,32766,0,1,0
32769,9,32766,0,290341444919459839,0
32769,4,32766,10,1,1
32769,2,32766,1,290341444919459839,0
32769,1,32766,91,1,0
32769,0,32766,0,290341444919459839,0
32768,18438,32767,11,1,36
32769,9219,32767,5189976364521848832,290341444919459839,0
32769,4609,32767,0,1,0
32769,2304,32767,0,290341444919459839,0
32769,1152,32767,34,1,5
32769,576,32767,5,290341444919459839,0
32769,288,32767,91,1,0
32769,144,32767,0,290341444919459839,0
32767,72,32767,36,1,35
32769,36,32767,1,290341444919459839,0
32769,18,32767,0,1,0
32769,9,32767,0,290341444919459839,0
32769,4,32767,12,1,1
32769,2,32767,1,290341444919459839,0
32769,1,32767,91,1,0
32769,0,32767,0,290341444919459839,0
32768,18438,32767,13,1,37
32769,9219,32767,5189976364521848832,290341444919459839,0
32769,4609,32767,0,1,0
32769,2304,32767,0,290341444919459839,0
32769,1152,32767,34,1,50
32769,576,32767,5,290341444919459839,0
32769,288,32767,91,1,0
32769,144,32767,0,290341444919459839,0
32767,72,32767,37,1,35
32769,36,32767,10,290341444919459839,0
32769,18,32767,0,1,0
32769,9,32767,0,290341444919459839,0
32769,4,32767,14,1,10
32769,2,32767,10,290341444919459839,0
32769,1,32767,91,1,0
32769,0,32767,0,290341444919459839,0
32768,4356,32767,15,1,38
32769,2178,32767,1226245742482522112,290341444919459839,0
32769,1089,32767,0,1,0
32769,544,32767,0,290341444919459839,0
32769,272,32767,39,1,85
32769,136,32767,17,290341444919459839,0
32769,68,32767,91,1,0
32769,34,32767,0,290341444919459839,0
32769,17,32767,38,1,35
32769,8,32767,35,290341444919459839,0
32769,4,32767,0,1,0
32769,2,32767,0,290341444919459839,0
32769,1,32767,16,1,5
32769,0,32767,5,290341444919459839,0
32769,0,32767,91,1,0
32769,0,32767,0,290341444919459839,0
32765,519,32767,20,1,40
32769,259,32767,146226256843603965,290341444919459839,0
32769,129,32767,0,1,10
32769,64,32767,0,290341444919459839,0
32769,32,32767,39,1,68
32769,16,32767,17,290341444919459839,0
32769,8,32767,91,1,0
32769,4,32767,0,290341444919459839,0
32767,2,32767,37,1,40
32769,1,32767,10,290341444919459839,0
32769,0,32767,0,1,1
32769,0,32767,0,290341444919459839,0
32769,0,32767,21,1,3256652509799518092327590504785563095060796493798437029975782850522284818433
32769,0,32767,4,290341444919459839,0
32769,0,32767,91,1,0
32769,0,32767,0,290341444919459839,0
32768,18442,32767,24,1,40
32769,9221,32767,5191102242953854976,290341444919459839,0
32769,4610,32767,0,1,0
32769,2305,32767,0,290341444919459839,0
32764,1152,32767,39,1,17
32769,576,32767,17,290341444919459839,0
32769,288,32767,91,1,0
32769,144,32767,0,290341444919459839,0
32767,72,32767,40,1,40
32769,36,32767,1,290341444919459839,0
32769,18,32767,0,1,0
32769,9,32767,0,290341444919459839,0
32769,4,32767,36,1,1
32769,2,32767,1,290341444919459839,0
32769,1,32767,91,1,0
32769,0,32767,0,290341444919459839,0
32768,18474,32767,25,1,41
32769,9237,32767,5200109442208333824,290341444919459839,0
32769,4618,32767,0,1,0
32769,2309,32767,0,290341444919459839,0
32764,1154,32767,35,1,1
32769,577,32767,1,290341444919459839,0
32769,288,32767,91,1,0
32769,144,32767,0,290341444919459839,0
32763,72,32767,41,1,40
32769,36,32767,2,290341444919459839,0
32769,18,32767,0,1,0
32769,9,32767,0,290341444919459839,0
32769,4,32767,36,1,2
32769,2,32767,1,290341444919459839,0
32769,1,32767,91,1,0
32769,0,32767,0,290341444919459839,0
32768,18470,32767,26,1,42
32769,9235,32767,5198983563776458752,290341444919459839,0
32769,4617,32767,0,1,0
32769,2308,32767,0,290341444919459839,0
32769,1154,32767,37,1,3618502788666131213697322783095070105623107215331596699973092056135872020471
32769,577,32767,10,290341444919459839,0
32769,288,32767,91,1,0
32769,144,32767,0,290341444919459839,0
32765,72,32767,42,1,40
32769,36,32767,9,290341444919459839,0
32769,18,32767,0,1,0
32769,9,32767,0,290341444919459839,0
32769,4,32767,27,1,9
32769,2,32767,3618502788666131213697322783095070105623107215331596699973092056135872020480,290341444919459839,0
32769,1,32767,91,1,0
32769,0,32767,0,290341444919459839,0
32768,4356,32767,28,1,43
32769,2178,32767,1226245742482522112,290341444919459839,0
32769,1089,32767,0,1,0
32769,544,32767,0,290341444919459839,0
32769,272,32767,44,1,3618502788666131213697322783095070105623107215331596699973092056135872020241
32769,136,32767,30,290341444919459839,0
32769,68,32767,91,1,0
32769,34,32767,0,290341444919459839,0
32769,17,32767,43,1,40
32769,8,32767,40,290341444919459839,0
32769,4,32767,0,1,0
32769,2,32767,0,290341444919459839,0
32769,1,32767,29,1,3618502788666131213697322783095070105623107215331596699973092056135872020473
32769,0,32767,3618502788666131213697322783095070105623107215331596699973092056135872020473,290341444919459839,0
32769,0,32767,91,1,0
32769,0,32767,0,290341444919459839,0
32765,519,32767,20,1,45
32769,259,32767,146226256843603965,290341444919459839,0
32769,129,32767,0,1,9
32769,64,32767,0,290341444919459839,0
32769,32,32767,44,1,120
32769,16,32767,30,290341444919459839,0
32769,8,32767,91,1,0
32769,4,32767,0,290341444919459839,0
32767,2,32767,42,1,45
32769,1,32767,9,290341444919459839,0
32769,0,32767,0,1,1
32769,0,32767,0,290341444919459839,0
32769,0,32767,21,1,2814391057851435388431251053518387859929083389702352988867960488105678238152
32769,0,32767,4,290341444919459839,0
32769,0,32767,91,1,0
32769,0,32767,0,290341444919459839,0
32768,18442,32767,24,1,45
32769,9221,32767,5191102242953854976,290341444919459839,0
32769,4610,32767,0,1,0
32769,2305,32767,0,290341444919459839,0
32764,1152,32767,44,1,60
32769,576,32767,30,290341444919459839,0
32769,288,32767,91,1,0
32769,144,32767,0,290341444919459839,0
32767,72,32767,45,1,45
32769,36,32767,2,290341444919459839,0
32769,18,32767,0,1,0
32769,9,32767,0,290341444919459839,0
32769,4,32767,41,1,2
32769,2,32767,2,290341444919459839,0
32769,1,32767,91,1,0
32769,0,32767,0,290341444919459839,0
32768,18474,32767,25,1,46
32769,9237,32767,5200109442208333824,290341444919459839,0
32769,4618,32767,0,1,0
32769,2309,32767,0,290341444919459839,0
32764,1154,32767,40,1,2
32769,577,32767,1,290341444919459839,0
32769,288,32767,91,1,0
32769,144,32768,0,290341444919459839,0
32763,72,32768,46,1,45
32769,36,32768,3,290341444919459839,0
32769,18,32768,0,1,0
32769,9,32768,0,290341444919459839,0
32769,4,32768,41,1,3
32769,2,32768,2,290341444919459839,0
32769,1,32768,91,1,0
32769,0,32768,0,290341444919459839,0
32768,18470,32768,26,1,47
32769,9235,32768,5198983563776458752,290341444919459839,0
32769,4617,32768,0,1,0
32769,2308,32768,0,290341444919459839,0
32769,1154,32768,42,1,3618502788666131213697322783095070105623107215331596699973092056135872020472
32769,577,32768,9,290341444919459839,0
32769,288,32768,91,1,0
32769,144,32768,0,290341444919459839,0
32765,72,32768,47,1,45
32769,36,32768,8,290341444919459839,0
32769,18,32768,0,1,0
32769,9,32768,0,290341444919459839,0
32769,4,32768,27,1,8
32769,2,32768,3618502788666131213697322783095070105623107215331596699973092056135872020480,290341444919459839,0
32769,1,32768,91,1,0
32769,0,32768,0,290341444919459839,0
32768,4356,32768,28,1,48
32769,2178,32768,1226245742482522112,290341444919459839,0
32769,1089,32768,0,1,0
32769,544,32768,0,290341444919459839,0
32769,272,32768,49,1,3618502788666131213697322783095070105623107215331596699973092056135872020241
32769,136,32768,30,290341444919459839,0
32769,68,32768,91,1,0
32769,34,32768,0,290341444919459839,0
32769,17,32768,48,1,45
32769,8,32768,45,290341444919459839,0
32769,4,32768,0,1,0
32769,2,32768,0,290341444919459839,0
32769,1,32768,29,1,3618502788666131213697322783095070105623107215331596699973092056135872020473
32769,0,32768,3618502788666131213697322783095070105623107215331596699973092056135872020473,290341444919459839,0
32769,0,32768,91,1,0
32769,0,32768,0,290341444919459839,0
32765,519,32768,20,1,50
32769,259,32768,146226256843603965,290341444919459839,0
32769,129,32768,0,1,8
32769,64,32768,0,290341444919459839,0
32769,32,32768,49,1,120
32769,16,32769,30,290341444919459839,0
32769,8,32769,91,1,0
32769,4,32769,0,290341444919459839,0
32767,2,32769,47,1,50
32769,1,32769,8,290341444919459839,0
32769,0,32769,0,1,1
32769,0,32769,0,290341444919459839,0
32769,0,32769,21,1,3166189940082864811985157435208186342420218813415147112476455549118888017921
32769,0,32769,4,290341444919459839,0
32769,0,32769,91,1,0
32769,0,32769,0,290341444919459839,0
32768,18442,32769,24,1,50
32769,9221,32769,5191102242953854976,290341444919459839,0
32769,4610,32769,0,1,0
32769,2305,32769,0,290341444919459839,0
32764,1152,32769,49,1,90
32769,576,32769,30,290341444919459839,0
32769,288,32769,91,1,0
32769,144,32769,0,290341444919459839,0
32767,72,32769,50,1,50
32769,36,32769,3,290341444919459839,0
32769,18,32769,0,1,0
32769,9,32769,0,290341444919459839,0
32769,4,32769,46,1,3
32769,2,32769,3,290341444919459839,0
32769,1,32769,91,1,0
32769,0,32769,0,290341444919459839,0
32768,18474,32769,25,1,51
32769,9237,32769,5200109442208333824,290341444919459839,0
32769,4618,32769,0,1,0
32769,2309,32769,0,290341444919459839,0
32764,1154,32769,45,1,6
32769,577,32769,2,290341444919459839,0
32769,288,32769,91,1,0
32769,144,32769,0,290341444919459839,0
32763,72,32769,51,1,50
32769,36,32769,5,290341444919459839,0
32769,18,32769,0,1,0
32769,9,32769,0,290341444919459839,0
32769,4,32769,46,1,5
32769,2,32769,3,290341444919459839,0
32769,1,32769,91,1,0
32769,0,32769,0,290341444919459839,0
32768,18470,32769,26,1,52
32769,9235,32769,5198983563776458752,290341444919459839,0
32769,4617,32769,0,1,0
32769,2308,32769,0,290341444919459839,0
32769,1154,32769,47,1,3618502788666131213697322783095070105623107215331596699973092056135872020473
32769,577,32769,8,290341444919459839,0
32769,288,32769,91,1,0
32769,144,32769,0,290341444919459839,0
32765,72,32769,52,1,50
32769,36,32769,7,290341444919459839,0
32769,18,32769,0,1,0
32769,9,32769,0,290341444919459839,0
32769,4,32769,27,1,7
32769,2,32769,3618502788666131213697322783095070105623107215331596699973092056135872020480,290341444919459839,0
32769,1,32769,91,1,0
32769,0,32769,0,290341444919459839,0
32768,4356,32769,28,1,53
32769,2178,32769,1226245742482522112,290341444919459839,0
32769,1089,32769,0,1,0
32769,544,32769,0,290341444919459839,0
32769,272,32769,54,1,3618502788666131213697322783095070105623107215331596699973092056135872020241
32769,136,32769,30,290341444919459839,0
32769,68,32769,91,1,0
32769,34,32769,0,290341444919459839,0
32769,17,32769,53,1,50
32769,8,32769,50,290341444919459839,0
32769,4,32769,0,1,0
32769,2,32769,0,290341444919459839,0
32769,1,32769,29,1,3618502788666131213697322783095070105623107215331596699973092056135872020473
32769,0,32769,3618502788666131213697322783095070105623107215331596699973092056135872020473,290341444919459839,0
32769,0,32769,91,1,0
32769,0,32769,0,290341444919459839,0
32765,519,32769,20,1,55
32769,259,32769,146226256843603965,290341444919459839,0
32769,129,32769,0,1,7
32769,64,32769,0,290341444919459839,0
32769,32,32769,54,1,120
32769,16,32769,30,290341444919459839,0
32769,8,32769,91,1,0
32769,4,32769,0,290341444919459839,0
32767,2,32769,52,1,55
32769,1,32769,7,290341444919459839,0
32769,0,32769,0,1,1
32769,0,32769,0,290341444919459839,0
32769,0,32769,21,1,3101573818856683897454848099795774376248377613141368599976936048116461731841
32769,0,32769,4,290341444919459839,0
32769,0,32769,91,1,0
32769,0,32769,0,290341444919459839,0
32768,18442,32769,24,1,55
32769,9221,32769,5191102242953854976,290341444919459839,0
32769,4610,32769,0,1,0
32769,2305,32769,0,290341444919459839,0
32764,1152,32769,54,1,150
32769,576,32769,30,290341444919459839,0
32769,288,32769,91,1,0
32769,144,32769,0,290341444919459839,0
32767,72,32769,55,1,55
32769,36,32769,5,290341444919459839,0
32769,18,32769,0,1,0
32769,9,32769,0,290341444919459839,0
32769,4,32769,51,1,5
32769,2,32769,5,290341444919459839,0
32769,1,32769,91,1,0
32769,0,32769,0,290341444919459839,0
32768,18474,32769,25,1,56
32769,9237,32769,5200109442208333824,290341444919459839,0
32769,4618,32769,0,1,0
32769,2309,32769,0,290341444919459839,0
32764,1154,32769,50,1,15
32769,577,32769,3,290341444919459839,0
32769,288,32769,91,1,0
32769,144,32769,0,290341444919459839,0
32763,72,32769,56,1,55
32769,36,32769,8,290341444919459839,0
32769,18,32769,0,1,0
32769,9,32769,0,290341444919459839,0
32769,4,32769,51,1,8
32769,2,32769,5,290341444919459839,0
32769,1,32769,91,1,0
32769,0,32769,0,290341444919459839,0
32768,18470,32769,26,1,57
32769,9235,32769,5198983563776458752,290341444919459839,0
32769,4617,32769,0,1,0
32769,2308,32769,0,290341444919459839,0
32769,1154,32769,52,1,3618502788666131213697322783095070105623107215331596699973092056135872020474
32769,577,32769,7,290341444919459839,0
32769,288,32769,91,1,0
32769,144,32769,0,290341444919459839,0
32765,72,32769,57,1,55
32769,36,32769,6,290341444919459839,0
32769,18,32769,0,1,0
32769,9,32769,0,290341444919459839,0
32769,4,32769,27,1,6
32769,2,32769,3618502788666131213697322783095070105623107215331596699973092056135872020480,290341444919459839,0
32769,1,32769,91,1,0
32769,0,32769,0,290341444919459839,0
32768,4356,32769,28,1,58
32769,2178,32769,1226245742482522112,290341444919459839,0
32769,1089,32769,0,1,0
32769,544,32769,0,290341444919459839,0
32769,272,32769,59,1,3618502788666131213697322783095070105623107215331596699973092056135872020241
32769,136,32769,30,290341444919459839,0
32769,68,32769,91,1,0
32769,34,32769,0,290341444919459839,0
32769,17,32769,58,1,55
32769,8,32769,55,290341444919459839,0
32769,4,32769,0,1,0
32769,2,32769,0,290341444919459839,0
32769,1,32769,29,1,3618502788666131213697322783095070105623107215331596699973092056135872020473
32769,0,32769,3618502788666131213697322783095070105623107215331596699973092056135872020473,290341444919459839,0
32769,0,32769,91,1,0
32769,0,32769,0,290341444919459839,0
32765,519,32769,20,1,60
32769,259,32769,146226256843603965,290341444919459839,0
32769,129,32769,0,1,6
32769,64,32769,0,290341444919459839,0
32769,32,32769,59,1,120
32769,16,32769,30,290341444919459839,0
32769,8,32769,91,1,0
32769,4,32769,0,290341444919459839,0
32767,2,32769,57,1,60
32769,1,32769,6,290341444919459839,0
32769,0,32769,0,1,1
32769,0,32769,0,290341444919459839,0
32769,0,32769,21,1,603083798111021868949553797182511684270517869221932783328848676022645336747
32769,0,32769,4,290341444919459839,0
32769,0,32769,91,1,0
32769,0,32769,0,290341444919459839,0
32768,18442,32769,24,1,60
32769,9221,32769,5191102242953854976,290341444919459839,0
32769,4610,32769,0,1,0
32769,2305,32769,0,290341444919459839,0
32764,1152,32769,59,2,240
32769,576,32769,30,0,0
32769,288,32769,91,2,0
32769,144,32769,0,0,0
32767,72,32769,60,3,60
32769,36,32769,8,1226245742482522112,0
32769,18,32769,0,3,0
32769,9,32769,0,1226245742482522112,0
32769,4,32769,56,4,8
32769,2,32769,8,4,0
32769,1,32769,91,4,0
32769,0,32769,0,4,0
32768,18474,32769,25,5,61
32769,9237,32769,5200109442208333824,74168662805676031,0
32769,4618,32769,0,5,0
32769,2309,32769,0,74168662805676031,0
32764,1154,32769,55,5,40
32769,577,32769,5,74168662805676031,0
32769,288,32769,91,5,0
32769,144,32769,0,74168662805676031,0
32763,72,32769,61,5,60
32769,36,32769,13,74168662805676031,0
32769,18,32769,0,5,0
32769,9,32769,0,74168662805676031,0
32769,4,32769,56,5,13
32769,2,32769,8,74168662805676031,0
32769,1,32769,91,5,0
32769,0,32769,0,74168662805676031,0
32768,18470,32769,26,5,62
32769,9235,32769,5198983563776458752,74168662805676031,0
32769,4617,32769,0,5,0
32769,2308,32769,0,74168662805676031,0
32769,1154,32769,57,5,3618502788666131213697322783095070105623107215331596699973092056135872020475
32769,577,32769,6,74168662805676031,0
32769,288,32769,91,5,0
32769,144,32769,0,74168662805676031,0
32765,72,32769,62,5,60
32769,36,32769,5,74168662805676031,0
32769,18,32769,0,5,0
32769,9,32769,0,74168662805676031,0
32769,4,32769,27,5,5
32769,2,32769,3618502788666131213697322783095070105623107215331596699973092056135872020480,74168662805676031,0
32769,1,32769,91,5,0
32769,0,32769,0,74168662805676031,0
32768,4356,32769,28,5,63
32769,2178,32769,1226245742482522112,74168662805676031,0
32769,1089,32769,0,5,0
32769,544,32769,0,74168662805676031,0
32769,272,32769,64,5,3618502788666131213697322783095070105623107215331596699973092056135872020241
32769,136,32769,30,74168662805676031,0
32769,68,32769,91,5,0
32769,34,32769,0,74168662805676031,0
32769,17,32769,63,5,60
32769,8,32769,60,74168662805676031,0
32769,4,32769,0,5,0
32769,2,32769,0,74168662805676031,0
32769,1,32769,29,5,3618502788666131213697322783095070105623107215331596699973092056135872020473
32769,0,32769,3618502788666131213697322783095070105623107215331596699973092056135872020473,74168662805676031,0
32769,0,32769,91,5,0
32769,0,32769,0,74168662805676031,0
32765,519,32769,20,5,65
32769,259,32769,146226256843603965,74168662805676031,0
32769,129,32769,0,5,5
32769,64,32769,0,74168662805676031,0
32769,32,32769,64,5,120
32769,16,32769,30,74168662805676031,0
32769,8,32769,91,5,0
32769,4,32769,0,74168662805676031,0
32767,2,32769,62,5,65
32769,1,32769,5,74168662805676031,0
32769,0,32769,0,5,1
32769,0,32769,0,74168662805676031,0
32769,0,32769,21,5,2894802230932904970957858226476056084498485772265277359978473644908697616385
32769,0,32769,4,74168662805676031,0
32769,0,32769,91,5,0
32769,0,32769,0,74168662805676031,0
32768,18442,32769,24,5,65
32769,9221,32769,5191102242953854976,74168662805676031,0
32769,4610,32769,0,5,0
32769,2305,32769,0,74168662805676031,0
32764,1152,32769,64,5,390
32769,576,32769,30,74168662805676031,0
32769,288,32769,91,5,0
32769,144,32769,0,74168662805676031,0
32767,72,32769,65,5,65
32769,36,32769,13,74168662805676031,0
32769,18,32769,0,5,0
32769,9,32769,0,74168662805676031,0
32769,4,32769,61,5,13
32769,2,32769,13,74168662805676031,0
32769,1,32769,91,5,0
32769,0,32769,0,74168662805676031,0
32768,18474,32769,25,5,66
32769,9237,32769,5200109442208333824,74168662805676031,0
32769,4618,32769,0,5,0
32769,2309,32769,0,74168662805676031,0
32764,1154,32769,60,5,104
32769,577,32769,8,74168662805676031,0
32769,288,32769,91,5,0
32769,144,32769,0,74168662805676031,0
32763,72,32769,66,5,65
32769,36,32769,21,74168662805676031,0
32769,18,32769,0,5,0
32769,9,32769,0,74168662805676031,0
32769,4,32769,61,5,21
32769,2,32769,13,74168662805676031,0
32769,1,32769,91,5,0
32769,0,32769,0,74168662805676031,0
32768,18470,32769,26,5,67
32769,9235,32769,5198983563776458752,74168662805676031,0
32769,4617,32769,0,5,0
32769,2308,32769,0,74168662805676031,0
32769,1154,32769,62,5,3618502788666131213697322783095070105623107215331596699973092056135872020476
32769,577,32769,5,74168662805676031,0
32769,288,32769,91,5,0
32769,144,32769,0,74168662805676031,0
32765,72,32769,67,5,65
32769,36,32769,4,74168662805676031,0
32769,18,32769,0,5,0
32769,9,32769,0,74168662805676031,0
32769,4,32769,27,5,4
32769,2,32769,3618502788666131213697322783095070105623107215331596699973092056135872020480,74168662805676031,0
32769,1,32769,91,5,0
32769,0,32769,0,74168662805676031,0
32768,4356,32769,28,5,68
32769,2178,32769,1226245742482522112,74168662805676031,0
32769,1089,32769,0,6,0
32769,544,32769,0,0,0
32769,272,32769,69,6,3618502788666131213697322783095070105623107215331596699973092056135872020241
32769,136,32769,30,0,0
32769,68,32769,91,6,0
32769,34,32769,0,0,0
32769,17,32769,68,6,65
32769,8,32769,65,0,0
32769,4,32769,0,6,0
32769,2,32769,0,0,0
32769,1,32769,29,6,3618502788666131213697322783095070105623107215331596699973092056135872020473
32769,0,32769,3618502788666131213697322783095070105623107215331596699973092056135872020473,0,0
32769,0,32769,91,6,0
32769,0,32769,0,0,0
32765,519,32769,20,6,70
32769,259,32769,146226256843603965,0,0
32769,129,32769,0,6,4
32769,64,32769,0,0,0
32769,32,32769,69,6,120
32769,16,32769,30,0,0
32769,8,32769,91,6,0
32769,4,32769,0,0,0
32767,2,32769,67,6,70
32769,1,32769,4,0,0
32769,0,32769,0,6,1
32769,0,32769,0,0,0
32769,0,32769,21,6,2713877091499598410272992087321302579217330411498697524979819042101904015361
32769,0,32769,4,0,0
32769,0,32769,91,6,0
32769,0,32769,0,0,0
32768,18442,32769,24,6,70
32769,9221,32769,5191102242953854976,0,0
32769,4610,32769,0,6,0
32769,2305,32769,0,0,0
32764,1152,32769,69,6,630
32769,576,32769,30,0,0
32769,288,32769,91,6,0
32769,144,32769,0,0,0
32767,72,32769,70,6,70
32769,36,32769,21,0,0
32769,18,32769,0,6,0
32769,9,32769,0,0,0
32769,4,32769,66,6,21
32769,2,32769,21,0,0
32769,1,32769,91,6,0
32769,0,32769,0,0,0
32768,18474,32769,25,6,71
32769,9237,32769,5200109442208333824,0,0
32769,4618,32769,0,6,0
32769,2309,32769,0,0,0
32764,1154,32769,65,6,273
32769,577,32769,13,0,0
32769,288,32769,91,6,0
32769,144,32769,0,0,0
32763,72,32769,71,6,70
32769,36,32769,34,0,0
32769,18,32769,0,6,0
32769,9,32769,0,0,0
32769,4,32769,66,6,34
32769,2,32769,21,0,0
32769,1,32769,91,6,0
32769,0,32769,0,0,0
32768,18470,32769,26,6,72
32769,9235,32769,5198983563776458752,0,0
32769,4617,32769,0,6,0
32769,2308,32769,0,0,0
32769,1154,32769,67,6,3618502788666131213697322783095070105623107215331596699973092056135872020477
32769,577,32769,4,0,0
32769,288,32769,91,6,0
32769,144,32769,0,0,0
32765,72,32769,72,6,70
32769,36,32769,3,0,0
32769,18,32769,0,6,0
32769,9,32769,0,0,0
32769,4,32769,27,6,3
32769,2,32769,3618502788666131213697322783095070105623107215331596699973092056135872020480,0,0
32769,1,32769,91,6,0
32769,0,32769,0,0,0
32768,4356,32769,28,6,73
32769,2178,32769,1226245742482522112,0,0
32769,1089,32769,0,6,0
32769,544,32769,0,0,0
32769,272,32769,74,6,3618502788666131213697322783095070105623107215331596699973092056135872020241
32769,136,32769,30,0,0
32769,68,32769,91,6,0
32769,34,32769,0,0,0
32769,17,32769,73,6,70
32769,8,32769,70,0,0
32769,4,32769,0,6,0
32769,2,32769,0,0,0
32769,1,32769,29,6,3618502788666131213697322783095070105623107215331596699973092056135872020473
32769,0,32769,3618502788666131213697322783095070105623107215331596699973092056135872020473,0,0
32769,0,32769,91,6,0
32769,0,32769,0,0,0
32765,519,32769,20,6,75
32769,259,32769,146226256843603965,0,0
32769,129,32769,0,6,3
32769,64,32769,0,0,0
32769,32,32769,74,6,120
32769,16,32769,30,0,0
32769,8,32769,91,6,0
32769,4,32769,0,0,0
32767,2,32769,72,6,75
32769,1,32769,3,0,0
32769,0,32769,0,6,1
32769,0,32769,0,0,0
32769,0,32769,21,6,1206167596222043737899107594365023368541035738443865566657697352045290673494
32769,0,32769,4,0,0
32769,0,32769,91,6,0
32769,0,32769,0,0,0
32768,18442,32769,24,6,75
32769,9221,32769,5191102242953854976,0,0
32769,4610,32769,0,6,0
32769,2305,32769,0,0,0
32764,1152,32769,74,7,1020
32769,576,32769,30,290341444919459839,0
32769,288,32769,91,7,0
32769,144,32769,0,290341444919459839,0
32767,72,32769,75,8,75
32769,36,32769,34,0,0
32769,18,32769,0,8,0
32769,9,32769,0,0,0
32769,4,32769,71,9,34
32769,2,32769,34,5189976364521848832,0
32769,1,32769,91,9,0
32769,0,32769,0,5189976364521848832,0
32768,18474,32769,25,10,76
32769,9237,32769,5200109442208333824,1,0
32769,4618,32769,0,10,0
32769,2309,32769,0,1,0
32764,1154,32769,70,11,714
32769,577,32769,21,5189976364521848832,0
32769,288,32769,91,11,0
32769,144,32769,0,5189976364521848832,0
32763,72,32769,76,12,75
32769,36,32769,55,1,0
32769,18,32769,0,12,0
32769,9,32769,0,1,0
32769,4,32769,71,13,55
32769,2,32769,34,5189976364521848832,0
32769,1,32769,91,13,0
32769,0,32769,0,5189976364521848832,0
32768,18470,32769,26,14,77
32769,9235,32769,5198983563776458752,10,0
32769,4617,32769,0,14,0
32769,2308,32769,0,10,0
32769,1154,32769,72,15,3618502788666131213697322783095070105623107215331596699973092056135872020478
32769,577,32769,3,1226245742482522112,0
32769,288,32769,91,15,0
32769,144,32769,0,1226245742482522112,0
32765,72,32769,77,16,75
32769,36,32769,2,5,0
32769,18,32769,0,16,0
32769,9,32769,0,5,0
32769,4,32769,27,17,2
32769,2,32769,3618502788666131213697322783095070105623107215331596699973092056135872020480,4613515612218425343,0
32769,1,32769,91,17,0
32769,0,32769,0,4613515612218425343,0
32768,4356,32769,28,18,78
32769,2178,32769,1226245742482522112,144,0
32769,1089,32769,0,18,0
32769,544,32769,0,144,0
32769,272,32769,79,19,3618502788666131213697322783095070105623107215331596699973092056135872020241
32769,136,32769,30,2345108766317314046,0
32769,68,32769,91,19,0
32769,34,32769,0,2345108766317314046,0
32769,17,32769,78,20,75
32769,8,32769,75,146226256843603965,0
32769,4,32769,0,20,0
32769,2,32769,0,146226256843603965,0
32769,1,32769,29,20,3618502788666131213697322783095070105623107215331596699973092056135872020473
32769,0,32769,3618502788666131213697322783095070105623107215331596699973092056135872020473,146226256843603965,0
32769,0,32769,91,20,0
32769,0,32769,0,146226256843603965,0
32765,519,32769,20,20,80
32769,259,32769,146226256843603965,146226256843603965,0
32769,129,32769,0,20,2
32769,64,32769,0,146226256843603965,0
32769,32,32769,79,20,120
32769,16,32769,30,146226256843603965,0
32769,8,32769,91,20,0
32769,4,32769,0,146226256843603965,0
32767,2,32769,77,20,80
32769,1,32769,2,146226256843603965,0
32769,0,32769,0,20,1
32769,0,32769,0,146226256843603965,0
32769,0,32769,21,20,1809251394333065606848661391547535052811553607665798349986546028067936010241
32769,0,32769,4,146226256843603965,0
32769,0,32769,91,20,0
32769,0,32769,0,146226256843603965,0
32768,18442,32769,24,21,80
32769,9221,32769,5191102242953854976,4,0
32769,4610,32769,0,21,0
32769,2305,32769,0,4,0
32764,1152,32769,79,21,1650
32769,576,32769,30,4,0
32769,288,32769,91,21,0
32769,144,32769,0,4,0
32767,72,32769,80,21,80
32769,36,32769,55,4,0
32769,18,32769,0,21,0
32769,9,32769,0,4,0
32769,4,32769,76,21,55
32769,2,32769,55,4,0
32769,1,32769,91,21,0
32769,0,32769,0,4,0
32768,18474,32769,25,21,81
32769,9237,32769,5200109442208333824,4,0
32769,4618,32769,0,21,0
32769,2309,32769,0,4,0
32764,1154,32769,75,21,1870
32769,577,32769,34,4,0
32769,288,32769,91,21,0
32769,144,32769,0,4,0
32763,72,32769,81,22,80
32769,36,32769,89,5191102242953854976,0
32769,18,32769,0,22,0
32769,9,32769,0,5191102242953854976,0
32769,4,32769,76,23,89
32769,2,32769,55,2345108766317314046,0
32769,1,32769,91,23,0
32769,0,32769,0,2345108766317314046,0
32768,18470,32769,26,24,82
32769,9235,32769,5198983563776458752,5191102242953854976,0
32769,4617,32769,0,24,0
32769,2308,32769,0,5191102242953854976,0
32769,1154,32769,77,24,3618502788666131213697322783095070105623107215331596699973092056135872020479
32769,577,32769,2,5191102242953854976,0
32769,288,32769,91,24,0
32769,144,32769,0,5191102242953854976,0
32765,72,32769,82,24,80
32769,36,32769,1,5191102242953854976,0
32769,18,32769,0,24,0
32769,9,32769,0,5191102242953854976,0
32769,4,32769,27,24,1
32769,2,32769,3618502788666131213697322783095070105623107215331596699973092056135872020480,5191102242953854976,0
32769,1,32769,91,24,0
32769,0,32769,0,5191102242953854976,0
32768,4356,32769,28,24,83
32769,2178,32769,1226245742482522112,5191102242953854976,0
32769,1089,32769,0,24,0
32769,544,32769,0,5191102242953854976,0
32769,272,32769,84,24,3618502788666131213697322783095070105623107215331596699973092056135872020241
32769,136,32769,30,5191102242953854976,0
32769,68,32769,91,25,0
32769,34,32769,0,5200109442208333824,0
32769,17,32769,83,25,80
32769,8,32769,80,5200109442208333824,0
32769,4,32769,0,25,0
32769,2,32769,0,5200109442208333824,0
32769,1,32769,29,25,3618502788666131213697322783095070105623107215331596699973092056135872020473
32769,0,32769,3618502788666131213697322783095070105623107215331596699973092056135872020473,5200109442208333824,0
32769,0,32769,91,25,0
32769,0,32769,0,5200109442208333824,0
32765,519,32769,20,25,85
32769,259,32769,146226256843603965,5200109442208333824,0
32769,129,32769,0,25,1
32769,64,32769,0,5200109442208333824,0
32769,32,32769,84,25,120
32769,16,32769,30,5200109442208333824,0
32769,8,32769,91,25,0
32769,4,32769,0,5200109442208333824,0
32767,2,32769,82,25,85
32769,1,32769,1,5200109442208333824,0
32769,0,32769,0,25,1
32769,0,32769,0,5200109442208333824,0
32769,0,32769,21,26,1
32769,0,32769,4,5198983563776458752,0
32769,0,32769,91,26,0
32769,0,32769,0,5198983563776458752,0
32768,18442,32769,24,26,85
32769,9221,32769,5191102242953854976,5198983563776458752,0
32769,4610,32769,0,26,0
32769,2305,32769,0,5198983563776458752,0
32764,1152,32769,84,26,2670
32769,576,32769,30,5198983563776458752,0
32769,288,32769,91,26,0
32769,144,32769,0,5198983563776458752,0
32767,72,32769,85,26,85
32769,36,32769,89,5198983563776458752,0
32769,18,32769,0,26,0
32769,9,32769,0,5198983563776458752,0
32769,4,32769,81,26,89
32769,2,32769,89,5198983563776458752,0
32769,1,32769,91,26,0
32769,0,32769,0,5198983563776458752,0
32768,18474,32769,25,26,86
32769,9237,32769,5200109442208333824,5198983563776458752,0
32769,4618,32769,0,27,0
32769,2309,32769,0,3618502788666131213697322783095070105623107215331596699973092056135872020480,0
32764,1154,32769,80,27,4895
32769,577,32769,55,3618502788666131213697322783095070105623107215331596699973092056135872020480,0
32769,288,32769,91,27,0
32769,144,32769,0,3618502788666131213697322783095070105623107215331596699973092056135872020480,0
32763,72,32769,86,27,85
32769,36,32769,144,3618502788666131213697322783095070105623107215331596699973092056135872020480,0
32769,18,32769,0,27,0
32769,9,32769,0,3618502788666131213697322783095070105623107215331596699973092056135872020480,0
32769,4,32769,81,27,144
32769,2,32769,89,3618502788666131213697322783095070105623107215331596699973092056135872020480,0
32769,1,32769,91,27,0
32769,0,32769,0,3618502788666131213697322783095070105623107215331596699973092056135872020480,0
32768,18470,32769,26,27,87
32769,9235,32769,5198983563776458752,3618502788666131213697322783095070105623107215331596699973092056135872020480,0
32769,4617,32769,0,27,0
32769,2308,32769,0,3618502788666131213697322783095070105623107215331596699973092056135872020480,0
32769,1154,32769,82,27,3618502788666131213697322783095070105623107215331596699973092056135872020480
32769,577,32769,1,3618502788666131213697322783095070105623107215331596699973092056135872020480,0
32769,288,32769,91,27,0
32769,144,32769,0,3618502788666131213697322783095070105623107215331596699973092056135872020480,0
32765,72,32769,87,28,85
32769,36,32769,0,1226245742482522112,0
32769,18,32769,0,28,0
32769,9,32769,0,1226245742482522112,0
32769,4,32769,27,28,0
32769,2,32769,3618502788666131213697322783095070105623107215331596699973092056135872020480,1226245742482522112,0
32769,1,32769,91,28,0
32769,0,32769,0,1226245742482522112,0
32768,4356,32769,28,28,88
32769,2178,32769,1226245742482522112,1226245742482522112,0
32769,1089,32769,0,28,0
32769,544,32769,0,1226245742482522112,0
32769,272,32769,89,28,3618502788666131213697322783095070105623107215331596699973092056135872020241
32769,136,32769,30,1226245742482522112,0
32769,68,32769,91,28,0
32769,34,32769,0,1226245742482522112,0
32769,17,32769,88,28,85
32769,8,32769,85,1226245742482522112,0
32769,4,32769,0,28,0
32769,2,32769,0,1226245742482522112,0
32769,1,32769,29,28,3618502788666131213697322783095070105623107215331596699973092056135872020473
32769,0,32769,3618502788666131213697322783095070105623107215331596699973092056135872020473,1226245742482522112,0
32769,0,32769,91,29,0
32769,0,32769,0,3618502788666131213697322783095070105623107215331596699973092056135872020473,0
32765,519,32769,20,29,90
32769,259,32769,146226256843603965,3618502788666131213697322783095070105623107215331596699973092056135872020473,0
32769,129,32769,0,29,0
32769,64,32769,0,3618502788666131213697322783095070105623107215331596699973092056135872020473,0
32769,32,32769,89,29,120
32769,16,32769,30,3618502788666131213697322783095070105623107215331596699973092056135872020473,0
32769,8,32769,91,29,0
32769,4,32769,0,3618502788666131213697322783095070105623107215331596699973092056135872020473,0
32767,2,32769,87,29,90
32769,1,32769,0,3618502788666131213697322783095070105623107215331596699973092056135872020473,0
32769,0,32769,0,29,0
32769,0,32769,0,3618502788666131213697322783095070105623107215331596699973092056135872020473,0
32769,0,32769,21,29,0
32769,0,32769,4,3618502788666131213697322783095070105623107215331596699973092056135872020473,0
32769,0,32769,91,29,0
32769,0,32769,0,3618502788666131213697322783095070105623107215331596699973092056135872020473,0
32768,18442,32769,22,29,90
32769,9221,32769,5191102242953854976,3618502788666131213697322783095070105623107215331596699973092056135872020473,0
32769,4610,32769,0,29,0
32769,2305,32769,0,3618502788666131213697322783095070105623107215331596699973092056135872020473,0
32764,1152,32769,89,30,4320
32769,576,32769,30,2345108766317314046,0
32769,288,32769,91,30,0
32769,144,32769,0,2345108766317314046,0
32767,72,32769,90,30,90
32769,36,32769,144,2345108766317314046,0
32769,18,32769,0,30,0
32769,9,32769,0,2345108766317314046,0
32769,4,32769,86,30,144
32769,2,32769,144,2345108766317314046,0
32769,1,32769,91,30,0
32769,0,32769,0,2345108766317314046,0
32766,8331,32769,23,30,91
32769,4165,32769,2345108766317314046,2345108766317314046,0
32769,2082,32769,0,30,0
32769,1041,32769,0,2345108766317314046,0
32767,520,32769,89,30,900
32769,260,32769,30,2345108766317314046,0
32769,130,32769,91,30,0
32769,65,32769,0,2345108766317314046,0
32767,32,32769,88,30,90
32769,16,32769,85,2345108766317314046,0
32769,8,32769,0,31,0
32769,4,32769,0,33,0
32769,2,32769,89,32,30
32769,1,32769,30,0,0
32769,0,32769,91,32,0
32769,0,32769,0,0,0
32766,8331,32769,30,32,91
32769,4165,32769,2345108766317314046,0,0
32769,2082,32769,0,32,0
32769,1041,32769,0,0,0
32767,520,32769,84,32,900
32769,260,32769,30,0,0
32769,130,32769,91,32,0
32769,65,32769,0,0,0
32767,32,32769,83,32,85
32769,16,32769,80,0,0
32769,8,32769,0,32,0
32769,4,32769,0,0,0
32769,2,32769,84,32,30
32769,1,32769,30,0,0
32769,0,32769,91,32,0
32769,0,32769,0,0,0
32766,8331,32769,30,32,91
32769,4165,32769,2345108766317314046,0,0
32769,2082,32769,0,32,0
32769,1041,32769,0,0,0
32767,520,32769,79,32,900
32769,260,32769,30,0,0
32769,130,32769,91,32,0
32769,65,32769,0,0,0
32767,32,32769,78,32,80
32769,16,32769,75,0,0
32769,8,32769,0,32,0
32769,4,32769,0,0,0
32769,2,32769,79,32,30
32769,1,32769,30,0,0
32769,0,32769,91,32,0
32769,0,32769,0,0,0
32766,8331,32769,30,32,91
32769,4165,32769,2345108766317314046,0,0
32769,2082,32769,0,32,0
32769,1041,32769,0,0,0
32767,520,32769,74,32,900
32769,260,32769,30,0,0
32769,130,32769,91,32,0
32769,65,32769,0,0,0
32767,32,32769,73,32,75
32769,16,32769,70,0,0
32769,8,32769,0,32,0
32769,4,32769,0,0,0
32769,2,32769,74,32,30
32769,1,32769,30,0,0
32769,0,32769,91,32,0
32769,0,32769,0,0,0
32766,8331,32769,30,32,91
32769,4165,32769,2345108766317314046,0,0
32769,2082,32769,0,32,0
32769,1041,32769,0,0,0
32767,520,32769,69,32,900
32769,260,32769,30,0,0
32769,130,32769,91,32,0
32769,65,32769,0,0,0
32767,32,32769,68,32,70
32769,16,32769,65,0,0
32769,8,32769,0,32,0
32769,4,32769,0,0,0
32769,2,32769,69,32,30
32769,1,32769,30,0,0
32769,0,32769,91,32,0
32769,0,32769,0,0,0
32766,8331,32769,30,32,91
32769,4165,32769,2345108766317314046,0,0
32769,2082,32769,0,32,0
32769,1041,32769,0,0,0
32767,520,32769,64,32,900
32769,260,32769,30,0,0
32769,130,32769,91,32,0
32769,65,32769,0,0,0
32767,32,32769,63,32,65
32769,16,32769,60,0,0
32769,8,32769,0,32,0
32769,4,32769,0,0,0
32769,2,32769,64,32,30
32769,1,32769,30,0,0
32769,0,32769,91,32,0
32769,0,32769,0,0,0
32766,8331,32769,30,32,91
32769,4165,32769,2345108766317314046,0,0
32769,2082,32769,0,32,0
32769,1041,32769,0,0,0
32767,520,32769,59,32,900
32769,260,32769,30,0,0
32769,130,32769,91,32,0
32769,65,32769,0,0,0
32767,32,32769,58,32,60
32769,16,32769,55,0,0
32769,8,32769,0,32,0
32769,4,32769,0,0,0
32769,2,32769,59,32,30
32769,1,32769,30,0,0
32769,0,32769,91,32,0
32769,0,32769,0,0,0
32766,8331,32769,30,32,91
32769,4165,32769,2345108766317314046,0,0
32769,2082,32769,0,32,0
32769,1041,32769,0,0,0
32767,520,32769,54,32,900
32769,260,32769,30,0,0
32769,130,32769,91,32,0
32769,65,32769,0,0,0
32767,32,32769,53,32,55
32769,16,32769,50,0,0
32769,8,32769,0,32,0
32769,4,32769,0,0,0
32769,2,32769,54,32,30
32769,1,32769,30,0,0
32769,0,32769,91,32,0
32769,0,32769,0,0,0
32766,8331,32769,30,32,91
32769,4165,32769,2345108766317314046,0,0
32769,2082,32769,0,32,0
32769,1041,32769,0,0,0
32767,520,32769,49,32,900
32769,260,32769,30,0,0
32769,130,32769,91,32,0
32769,65,32769,0,0,0
32767,32,32769,48,32,50
32769,16,32769,45,0,0
32769,8,32769,0,32,0
32769,4,32769,0,0,0
32769,2,32769,49,32,30
32769,1,32769,30,0,0
32769,0,32769,91,32,0
32769,0,32769,0,0,0
32766,8331,32769,30,32,91
32769,4165,32769,2345108766317314046,0,0
32769,2082,32769,0,32,0
32769,1041,32769,0,0,0
32767,520,32769,44,32,900
32769,260,32769,30,0,0
32769,130,32769,91,32,0
32769,65,32769,0,0,0
32767,32,32769,43,32,45
32769,16,32769,40,0,0
32769,8,32769,0,32,0
32769,4,32769,0,0,0
32769,2,32769,44,32,30
32769,1,32769,30,0,0
32769,0,32769,91,32,0
32769,0,32769,0,0,0
32766,8331,32769,30,32,91
32769,4165,32769,2345108766317314046,0,0
32769,2082,32769,0,32,0
32769,1041,32769,0,0,0
32767,520,32769,39,32,289
32769,260,32769,17,0,0
32769,130,32769,91,32,0
32769,65,32769,0,0,0
32767,32,32769,38,32,40
32769,16,32769,35,0,0
32769,8,32769,0,32,0
32769,4,32769,0,0,0
32769,2,32769,39,32,17
32769,1,32769,17,0,0
32769,0,32769,91,32,0
32769,0,32769,0,0,0
32767,16390,32769,17,32,91
32769,8195,32769,4613515612218425343,0,0
32769,4097,32769,0,32,0
32769,2048,32769,0,0,0
32769,1024,32769,34,32,720
32769,512,32769,5,0,0
32769,256,32769,91,32,0
32769,128,32769,0,0,0
32767,64,32769,90,32,35
32769,32,32769,144,0,0
32769,16,32769,0,32,0
32769,8,32769,0,0,0
32769,4,32769,18,32,144
32769,2,32769,144,0,0
32769,1,32769,91,32,0
32769,0,32769,0,0,0
32766,8331,32769,19,32,91
32769,4165,32769,2345108766317314046,0,0
32769,2082,32769,0,32,0
32769,1041,32769,0,0,0
32767,520,32769,34,32,25
32769,260,32769,5,0,0
32769,130,32769,91,32,0
32769,65,32769,0,0,0
32767,32,32769,33,32,35
32769,16,32769,33,0,0
32769,8,32769,0,32,0
32769,4,32769,0,0,0
32769,2,32769,34,32,5
32769,1,32769,5,0,0
32769,0,32769,91,32,0
32769,0,32769,0,0,0
32767,263,32769,5,32,91
32769,131,32769,74168662805676031,0,0
32769,65,32769,0,32,0
32769,32,32769,0,0,0
32769,16,32769,32,32,0
32769,8,32769,0,0,0
32769,4,32769,91,32,0
32769,2,32769,0,0,0
32767,1,32769,32,32,33
32769,0,32769,0,0,0
32769,0,32769,0,32,0
32769,0,32769,0,0,0
32769,0,32769,6,32,0
32769,0,32769,0,0,0
32769,0,32769,91,32,0
32769,0,32769,0,0,0
32767,263,32769,5,32,91
32769,131,32769,74168662805676031,0,0
32769,65,32769,0,32,0
32769,32,32769,0,0,0
32769,16,32769,32,32,0
32769,8,32769,0,0,0
32769,4,32769,91,32,0
32769,2,32769,0,0,0
32767,1,32769,32,32,33
32769,0,32769,0,0,0
32769,0,32769,0,32,0
32769,0,32769,0,0,0
32769,0,32769,6,32,0
32769,0,32769,0,0,0
32769,0,32769,91,32,0
32769,0,32769,0,0,0
32767,263,32769,5,32,91
32769,131,32769,74168662805676031,0,0
32769,65,32769,0,33,0
32769,32,32769,0,33,0
32769,16,32769,32,33,0
32769,8,32769,0,33,0
32769,4,32769,91,34,0
32769,2,32769,0,5,0
32767,1,32769,32,34,33
32769,0,32769,0,5,0
32769,0,32769,0,34,0
32769,0,32769,0,5,0
32769,0,32769,6,34,0
32769,0,32769,0,5,0
32769,0,32769,91,34,0
32769,0,32769,0,5,0
32767,263,32769,5,34,91
32769,131,32769,74168662805676031,5,0
32769,65,32769,0,34,0
32769,32,32769,0,5,0
32769,16,32769,32,34,0
32769,8,32769,0,5,0
32769,4,32769,91,34,0
32769,2,32769,0,5,0
32767,1,32769,32,35,33
32769,0,32769,0,1,0
32769,0,32769,0,35,0
32769,0,32769,0,1,0
32769,0,32769,6,36,0
32769,0,32769,0,1,0
32769,0,32769,91,36,0
32769,0,32769,0,1,0
32767,263,32769,5,36,91
32769,131,32769,74168662805676031,1,0
32769,65,32769,0,37,0
32769,32,32769,0,10,0
32769,16,32769,32,37,0
32769,8,32769,0,10,0
32769,4,32769,91,37,0
32769,2,32769,0,10,0
32767,1,32769,32,38,33
32769,0,32769,0,35,0
32769,0,32769,0,38,0
32769,0,32769,0,35,0
32769,0,32769,6,39,0
32769,0,32769,0,17,0
32769,0,32769,91,39,0
32769,0,32769,0,17,0
32767,263,32769,5,39,91
32769,131,32769,74168662805676031,17,0
32769,65,32769,0,39,0
32769,32,32769,0,17,0
32769,16,32769,32,39,0
32769,8,32769,0,17,0
32769,4,32769,91,40,0
32769,2,32769,0,1,0
32767,1,32769,32,40,33
32769,0,32769,0,1,0
32769,0,32769,0,41,0
32769,0,32769,0,2,0
32769,0,32769,6,41,0
32769,0,32769,0,2,0
32769,0,32769,91,41,0
32769,0,32769,0,2,0
32767,263,32769,5,42,91
32769,131,32769,74168662805676031,9,0
32769,65,32769,0,42,0
32769,32,32769,0,9,0
32769,16,32769,32,42,0
32769,8,32769,0,9,0
32769,4,32769,91,43,0
32769,2,32769,0,40,0
32767,1,32769,32,43,33
32769,0,32769,0,40,0
32769,0,32769,0,44,0
32769,0,32769,0,30,0
32769,0,32769,6,44,0
32769,0,32769,0,30,0
32769,0,32769,91,44,0
32769,0,32769,0,30,0
32767,263,32769,5,44,91
32769,131,32769,74168662805676031,30,0
32769,65,32769,0,44,0
32769,32,32769,0,30,0
32769,16,32769,32,45,0
32769,8,32769,0,2,0
32769,4,32769,91,45,0
32769,2,32769,0,2,0
32767,1,32769,32,46,33
32769,0,32769,0,3,0
32769,0,32769,0,46,0
32769,0,32769,0,3,0
32769,0,32769,6,46,0
32769,0,32769,0,3,0
32769,0,32769,91,47,0
32769,0,32769,0,8,0
32767,263,32769,5,47,91
32769,131,32769,74168662805676031,8,0
32769,65,32769,0,47,0
32769,32,32769,0,8,0
32769,16,32769,32,48,0
32769,8,32769,0,45,0
32769,4,32769,91,48,0
32769,2,32769,0,45,0
32767,1,32769,32,49,33
32769,0,32769,0,30,0
32769,0,32769,0,49,0
32769,0,32769,0,30,0
32769,0,32769,6,49,0
32769,0,32769,0,30,0
32769,0,32769,91,49,0
32769,0,32769,0,30,0
32767,263,32769,5,49,91
32769,131,32769,74168662805676031,30,0
32769,65,32769,0,50,0
32769,32,32769,0,3,0
32769,16,32769,32,50,0
32769,8,32769,0,3,0
32769,4,32769,91,51,0
32769,2,32769,0,5,0
32767,1,32769,32,51,33
32769,0,32769,0,5,0
32769,0,32769,0,51,0
32769,0,32769,0,5,0
32769,0,32769,6,52,0
32769,0,32769,0,7,0
32769,0,32769,91,52,0
32769,0,32769,0,7,0
32767,263,32769,5,52,91
32769,131,32769,74168662805676031,7,0
32769,65,32769,0,53,0
32769,32,32769,0,50,0
32769,16,32769,32,53,0
32769,8,32769,0,50,0
32769,4,32769,91,54,0
32769,2,32769,0,30,0
32767,1,32769,32,54,33
32769,0,32769,0,30,0
32769,0,32769,0,54,0
32769,0,32769,0,30,0
32769,0,32769,6,54,0
32769,0,32769,0,30,0
32769,0,32769,91,54,0
32769,0,32769,0,30,0
32767,263,32769,5,55,91
32769,131,32769,74168662805676031,5,0
32769,65,32769,0,55,0
32769,32,32769,0,5,0
32769,16,32769,32,56,0
32769,8,32769,0,8,0
32769,4,32769,91,56,0
32769,2,32769,0,8,0
32767,1,32769,32,56,33
32769,0,32769,0,8,0
32769,0,32769,0,57,0
32769,0,32769,0,6,0
32769,0,32769,6,57,0
32769,0,32769,0,6,0
32769,0,32769,91,57,0
32769,0,32769,0,6,0
32767,263,32769,5,58,91
32769,131,32769,74168662805676031,55,0
32769,65,32769,0,58,0
32769,32,32769,0,55,0
32769,16,32769,32,59,0
32769,8,32769,0,30,0
32769,4,32769,91,59,0
32769,2,32769,0,30,0
32767,1,32769,32,59,33
32769,0,32769,0,30,0
32769,0,32769,0,59,0
32769,0,32769,0,30,0
32769,0,32769,6,59,0
32769,0,32769,0,30,0
32769,0,32769,91,60,0
32769,0,32769,0,8,0
32767,263,32769,5,60,91
32769,131,32769,74168662805676031,8,0
32769,65,32769,0,61,0
32769,32,32769,0,13,0
32769,16,32769,32,61,0
32769,8,32769,0,13,0
32769,4,32769,91,61,0
32769,2,32769,0,13,0
32767,1,32769,32,62,33
32769,0,32769,0,5,0
32769,0,32769,0,62,0
32769,0,32769,0,5,0
32769,0,32769,6,62,0
32769,0,32769,0,5,0
32769,0,32769,91,63,0
32769,0,32769,0,60,0
32767,263,32769,5,63,91
32769,131,32769,74168662805676031,60,0
32769,65,32769,0,64,0
32769,32,32769,0,30,0
32769,16,32769,32,64,0
32769,8,32769,0,30,0
32769,4,32769,91,64,0
32769,2,32769,0,30,0
32767,1,32769,32,64,33
32769,0,32769,0,30,0
32769,0,32769,0,64,0
32769,0,32769,0,30,0
32769,0,32769,6,65,0
32769,0,32769,0,13,0
32769,0,32769,91,65,0
32769,0,32769,0,13,0
32767,263,32769,5,66,91
32769,131,32769,74168662805676031,21,0
32769,65,32769,0,66,0
32769,32,32769,0,21,0
32769,16,32769,32,66,0
32769,8,32769,0,21,0
32769,4,32769,91,67,0
32769,2,32769,0,4,0
32767,1,32769,32,67,33
32769,0,32769,0,4,0
32769,0,32769,0,67,0
32769,0,32769,0,4,0
32769,0,32769,6,68,0
32769,0,32769,0,65,0
32769,0,32769,91,68,0
32769,0,32769,0,65,0
32767,263,32769,5,69,91
32769,131,32769,74168662805676031,30,0
32769,65,32769,0,69,0
32769,32,32769,0,30,0
32769,16,32769,32,69,0
32769,8,32769,0,30,0
32769,4,32769,91,69,0
32769,2,32769,0,30,0
32767,1,32769,32,69,33
32769,0,32769,0,30,0
32769,0,32769,0,70,0
32769,0,32769,0,21,0
32769,0,32769,6,70,0
32769,0,32769,0,21,0
32769,0,32769,91,71,0
32769,0,32769,0,34,0
32767,263,32769,5,71,91
32769,131,32769,74168662805676031,34,0
32769,65,32769,0,71,0
32769,32,32769,0,34,0
32769,16,32769,32,72,0
32769,8,32769,0,3,0
32769,4,32769,91,72,0
32769,2,32769,0,3,0
32767,1,32769,32,72,33
32769,0,32769,0,3,0
32769,0,32769,0,73,0
32769,0,32769,0,70,0
32769,0,32769,6,73,0
32769,0,32769,0,70,0
32769,0,32769,91,74,0
32769,0,32769,0,30,0
32767,263,32769,5,74,91
32769,131,32769,74168662805676031,30,0
32769,65,32769,0,74,0
32769,32,32769,0,30,0
32769,16,32769,32,74,0
32769,8,32769,0,30,0
32769,4,32769,91,74,0
32769,2,32769,0,30,0
32767,1,32769,32,75,33
32769,0,32769,0,34,0
32769,0,32769,0,75,0
32769,0,32769,0,34,0
32769,0,32769,6,76,0
32769,0,32769,0,55,0
32769,0,32769,91,76,0
32769,0,32769,0,55,0
32767,263,32769,5,76,91
32769,131,32769,74168662805676031,55,0
32769,65,32769,0,77,0
32769,32,32769,0,2,0
32769,16,32769,32,77,0
32769,8,32769,0,2,0
32769,4,32769,91,77,0
32769,2,32769,0,2,0
32767,1,32769,32,78,33
32769,0,32769,0,75,0
32769,0,32769,0,78,0
32769,0,32769,0,75,0
32769,0,32769,6,79,0
32769,0,32769,0,30,0
32769,0,32769,91,79,0
32769,0,32769,0,30,0
32767,263,32769,5,79,91
32769,131,32769,74168662805676031,30,0
32769,65,32769,0,79,0
32769,32,32769,0,30,0
32769,16,32769,32,79,0
32769,8,32769,0,30,0
32769,4,32769,91,80,0
32769,2,32769,0,55,0
32767,1,32769,32,80,33
32769,0,32769,0,55,0
32769,0,32769,0,81,0
32769,0,32769,0,89,0
32769,0,32769,6,81,0
32769,0,32769,0,89,0
32769,0,32769,91,81,0
32769,0,32769,0,89,0
32767,263,32769,5,82,91
32769,131,32769,74168662805676031,1,0
32769,65,32769,0,82,0
32769,32,32769,0,1,0
32769,16,32769,32,82,0
32769,8,32769,0,1,0
32769,4,32769,91,83,0
32769,2,32769,0,80,0
32767,1,32769,32,83,33
32769,0,32769,0,80,0
32769,0,32769,0,84,0
32769,0,32769,0,30,0
32769,0,32769,6,84,0
32769,0,32769,0,30,0
32769,0,32769,91,84,0
32769,0,32769,0,30,0
32767,263,32769,5,84,91
32769,131,32769,74168662805676031,30,0
32769,65,32769,0,84,0
32769,32,32769,0,30,0
32769,16,32769,32,85,0
32769,8,32769,0,89,0
32769,4,32769,91,86,0
32769,2,32769,0,144,0
32767,1,32769,32,86,33
32769,0,32769,0,144,0
32769,0,32769,0,87,0
32769,0,32769,0,0,0
32769,0,32769,6,87,0
32769,0,32769,0,0,0
32769,0,32769,91,88,0
32769,0,32769,0,85,0
32767,263,32769,5,88,91
32769,131,32769,74168662805676031,85,0
32769,65,32769,0,89,0
32769,32,32769,0,30,0
32769,16,32769,32,89,0
32769,8,32769,0,30,0
32769,4,32769,91,89,0
32769,2,32769,0,30,0
32767,1,32769,32,89,33
32769,0,32769,0,30,0
32769,0,32769,0,89,0
32769,0,32769,0,30,0
32769,0,32769,6,90,0
32769,0,32769,0,144,0
32769,0,32769,91,90,0
32769,0,32769,0,144,0
32767,263,32769,5,91,91
32769,131,32769,74168662805676031,0,0
32769,65,32769,0,91,0
32769,32,32769,0,0,0
32769,16,32769,32,91,0
32769,8,32769,0,0,0
32769,4,32769,91,91,0
32769,2,32769,0,0,0
32767,1,32769,32,91,33
32769,0,32769,0,0,0
32769,0,32769,0,91,0
32769,0,32769,0,0,0
32769,0,32769,6,91,0
32769,0,32769,0,0,0
32769,0,32769,91,91,0
32769,0,32769,0,0,0
32767,263,32769,5,91,91
32769,131,32769,74168662805676031,0,0
32769,65,32769,0,91,0
32769,32,32769,0,0,0
32769,16,32769,32,91,0
32769,8,32769,0,0,0
32769,4,32769,91,91,0
32769,2,32769,0,0,0
32767,1,32769,32,91,33
32769,0,32769,0,0,0
32769,0,32769,0,91,0
32769,0,32769,0,0,0
32769,0,32769,6,91,0
32769,0,32769,0,0,0
32769,0,32769,91,91,0
32769,0,32769,0,0,0
32767,263,32769,5,91,91
32769,131,32769,74168662805676031,0,0
32769,65,32769,0,91,0
32769,32,32769,0,0,0
32769,16,32769,32,91,0
32769,8,32769,0,0,0
32769,4,32769,91,91,0
32769,2,32769,0,0,0
32767,1,32769,32,91,33
32769,0,32769,0,0,0
32769,0,32769,0,91,0
32769,0,32769,0,0,0
32769,0,32769,6,91,0
32769,0,32769,0,0,0
32769,0,32769,91,91,0
32769,0,32769,0,0,0
32767,263,32769,5,91,91
32769,131,32769,74168662805676031,0,0
32769,65,32769,0,91,0
32769,32,32769,0,0,0
32769,16,32769,32,91,0
32769,8,32769,0,0,0
32769,4,32769,91,91,0
32769,2,32769,0,0,0
32767,1,32769,32,91,33
32769,0,32769,0,0,0
32769,0,32769,0,91,0
32769,0,32769,0,0,0
32769,0,32769,6,91,0
32769,0,32769,0,0,0
32769,0,32769,91,91,0
32769,0,32769,0,0,0
32767,263,32769,5,91,91
32769,131,32769,74168662805676031,0,0
32769,65,32769,0,91,0
32769,32,32769,0,0,0
32769,16,32769,32,91,0
32769,8,32769,0,0,0
32769,4,32769,91,91,0
32769,2,32769,0,0,0
32767,1,32769,32,91,33
32769,0,32769,0,0,0
32769,0,32769,0,91,0
32769,0,32769,0,0,0
32769,0,32769,6,91,0
32769,0,32769,0,0,0
32769,0,32769,91,91,0
32769,0,32769,0,0,0
32767,263,32769,5,91,91
32769,131,32769,74168662805676031,0,0
32769,65,32769,0,91,0
32769,32,32769,0,0,0
32769,16,32769,32,91,0
32769,8,32769,0,0,0
32769,4,32769,91,91,0
32769,2,32769,0,0,0
32767,1,32769,32,91,33
32769,0,32769,0,0,0
32769,0,32769,0,91,0
32769,0,32769,0,0,0
32769,0,32769,6,91,0
32769,0,32769,0,0,0
32769,0,32769,91,91,0
32769,0,32769,0,0,0
32767,263,32769,5,91,91
32769,131,32769,74168662805676031,0,0
32769,65,32769,0,91,0
32769,32,32769,0,0,0
32769,16,32769,32,91,0
32769,8,32769,0,0,0
32769,4,32769,91,91,0
32769,2,32769,0,0,0
32767,1,32769,32,91,33
32769,0,32769,0,0,0
32769,0,32769,0,91,0
32769,0,32769,0,0,0
32769,0,32769,6,91,0
32769,0,32769,0,0,0
32769,0,32769,91,91,0
32769,0,32769,0,0,0
32767,263,32769,5,91,91
32769,131,32769,74168662805676031,0,0
32769,65,32769,0,91,0
32769,32,32769,0,0,0
32769,16,32769,32,91,0
32769,8,32769,0,0,0
32769,4,32769,91,91,0
32769,2,32769,0,0,0
32767,1,32769,32,91,33
32769,0,32769,0,0,0
32769,0,32769,0,91,0
32769,0,32769,0,0,0
32769,0,32769,6,91,0
32769,0,32769,0,0,0
32769,0,32769,91,91,0
32769,0,32769,0,0,0
32767,263,32769,5,91,91
32769,131,32769,74168662805676031,0,0
32769,65,32769,0,91,0
32769,32,32769,0,0,0
32769,16,32769,32,91,0
32769,8,32769,0,0,0
32769,4,32769,91,91,0
32769,2,32769,0,0,0
32767,1,32769,32,91,33
32769,0,32769,0,0,0
32769,0,32769,0,91,0
32769,0,32769,0,0,0
32769,0,32769,6,91,0
32769,0,32769,0,0,0
32769,0,32769,91,91,0
32769,0,32769,0,0,0
32767,263,32769,5,91,91
32769,131,32769,74168662805676031,0,0
32769,65,32769,0,91,0
32769,32,32769,0,0,0
32769,16,32769,32,91,0
32769,8,32769,0,0,0
32769,4,32769,91,91,0
32769,2,32769,0,0,0
32767,1,32769,32,91,33
32769,0,32769,0,0,0
32769,0,32769,0,91,0
32769,0,32769,0,0,0
32769,0,32769,6,91,0
32769,0,32769,0,0,0
32769,0,32769,91,91,0
32769,0,32769,0,0,0
32767,263,32769,5,91,91
32769,131,32769,74168662805676031,0,0
32769,65,32769,0,91,0
32769,32,32769,0,0,0
32769,16,32769,32,91,0
32769,8,32769,0,0,0
32769,4,32769,91,91,0
32769,2,32769,0,0,0
32767,1,32769,32,91,33
32769,0,32769,0,0,0
32769,0,32769,0,91,0
32769,0,32769,0,0,0
32769,0,32769,6,91,0
32769,0,32769,0,0,0
32769,0,32769,91,91,0
32769,0,32769,0,0,0
32767,263,32769,5,91,91
32769,131,32769,74168662805676031,0,0
32769,65,32769,0,91,0
32769,32,32769,0,0,0
32769,16,32769,32,91,0
32769,8,32769,0,0,0
32769,4,32769,91,91,0
32769,2,32769,0,0,0
32767,1,32769,32,91,33
32769,0,32769,0,0,0
32769,0,32769,0,91,0
32769,0,32769,0,0,0
32769,0,32769,6,91,0
32769,0,32769,0,0,0
32769,0,32769,91,91,0
32769,0,32769,0,0,0
32767,263,32769,5,91,91
32769,131,32769,74168662805676031,0,0
32769,65,32769,0,91,0
32769,32,32769,0,0,0
32769,16,32769,32,91,0
32769,8,32769,0,0,0
32769,4,32769,91,91,0
32769,2,32769,0,0,0
32767,1,32769,32,91,33
32769,0,32769,0,0,0
32769,0,32769,0,91,0
32769,0,32769,0,0,0
32769,0,32769,6,91,0
32769,0,32769,0,0,0
32769,0,32769,91,91,0
32769,0,32769,0,0,0
32767,263,32769,5,91,91
32769,131,32769,74168662805676031,0,0
32769,65,32769,0,91,0
32769,32,32769,0,0,0
32769,16,32769,32,91,0
32769,8,32769,0,0,0
32769,4,32769,91,91,0
32769,2,32769,0,0,0
32767,1,32769,32,91,33
32769,0,32769,0,0,0
32769,0,32769,0,91,0
32769,0,32769,0,0,0
32769,0,32769,6,91,0
32769,0,32769,0,0,0
32769,0,32769,91,91,0
32769,0,32769,0,0,0
32767,263,32769,5,91,91
32769,131,32769,74168662805676031,0,0
32769,65,32769,0,91,0
32769,32,32769,0,0,0
32769,16,32769,32,91,0
32769,8,32769,0,0,0
32769,4,32769,91,91,0
32769,2,32769,0,0,0
32767,1,32769,32,91,33
32769,0,32769,0,0,0
32769,0,32769,0,91,0
32769,0,32769,0,0,0
32769,0,32769,6,91,0
32769,0,32769,0,0,0
32769,0,32769,91,91,0
32769,0,32769,0,0,0
32767,263,32769,5,91,91
32769,131,32769,74168662805676031,0,0
32769,65,32769,0,91,0
32769,32,32769,0,0,0
32769,16,32769,32,91,0
32769,8,32769,0,0,0
32769,4,32769,91,91,0
32769,2,32769,0,0,0
32767,1,32769,32,91,33
32769,0,32769,0,0,0
32769,0,32769,0,91,0
32769,0,32769,0,0,0
32769,0,32769,6,91,0
32769,0,32769,0,0,0
32769,0,32769,91,91,0
32769,0,32769,0,0,0
32767,263,32769,5,91,91
32769,131,32769,74168662805676031,0,0
32769,65,32769,0,91,0
32769,32,32769,0,0,0
32769,16,32769,32,91,0
32769,8,32769,0,0,0
32769,4,32769,91,91,0
32769,2,32769,0,0,0
32767,1,32769,32,91,33
32769,0,32769,0,0,0
32769,0,32769,0,91,0
32769,0,32769,0,0,0
32769,0,32769,6,91,0
32769,0,32769,0,0,0
32769,0,32769,91,91,0
32769,0,32769,0,0,0
32767,263,32769,5,91,91
32769,131,32769,74168662805676031,0,0
32769,65,32769,0,91,0
32769,32,32769,0,0,0
32769,16,32769,32,91,0
32769,8,32769,0,0,0
32769,4,32769,91,91,0
32769,2,32769,0,0,0
32767,1,32769,32,91,33
32769,0,32769,0,0,0
32769,0,32769,0,91,0
32769,0,32769,0,0,0
32769,0,32769,6,91,0
32769,0,32769,0,0,0
32769,0,32769,91,91,0
32769,0,32769,0,0,0
32767,263,32769,5,91,91
32769,131,32769,74168662805676031,0,0
32769,65,32769,0,91,0
32769,32,32769,0,0,0
32769,16,32769,32,91,0
32769,8,32769,0,0,0
32769,4,32769,91,91,0
32769,2,32769,0,0,0
32767,1,32769,32,91,33
32769,0,32769,0,0,0
32769,0,32769,0,91,0
32769,0,32769,0,0,0
32769,0,32769,6,91,0
32769,0,32769,0,0,0
32769,0,32769,91,91,0
32769,0,32769,0,0,0
32767,263,32769,5,91,91
32769,131,32769,74168662805676031,0,0
32769,65,32769,0,91,0
32769,32,32769,0,0,0
32769,16,32769,32,91,0
32769,8,32769,0,0,0
32769,4,32769,91,91,0
32769,2,32769,0,0,0
32767,1,32769,32,91,33
32769,0,32769,0,0,0
32769,0,32769,0,91,0
32769,0,32769,0,0,0
32769,0,32769,6,91,0
32769,0,32769,0,0,0
32769,0,32769,91,91,0
32769,0,32769,0,0,0
32767,263,32769,5,91,91
32769,131,32769,74168662805676031,0,0
32769,65,32769,0,91,0
32769,32,32769,0,0,0
32769,16,32769,32,91,0
32769,8,32769,0,0,0
32769,4,32769,91,91,0
32769,2,32769,0,0,0
32767,1,32769,32,91,33
32769,0,32769,0,0,0
32769,0,32769,0,91,0
32769,0,32769,0,0,0
32769,0,32769,6,91,0
32769,0,32769,0,0,0
32769,0,32769,91,91,0
32769,0,32769,0,0,0
32767,263,32769,5,91,91
32769,131,32769,74168662805676031,0,0
32769,65,32769,0,91,0
32769,32,32769,0,0,0
32769,16,32769,32,91,0
32769,8,32769,0,0,0
32769,4,32769,91,91,0
32769,2,32769,0,0,0
32767,1,32769,32,91,33
32769,0,32769,0,0,0
32769,0,32769,0,91,0
32769,0,32769,0,0,0
32769,0,32769,6,91,0
32769,0,32769,0,0,0
32769,0,32769,91,91,0
32769,0,32769,0,0,0
32767,263,32769,5,91,91
32769,131,32769,74168662805676031,0,0
32769,65,32769,0,91,0
32769,32,32769,0,0,0
32769,16,32769,32,91,0
32769,8,32769,0,0,0
32769,4,32769,91,91,0
32769,2,32769,0,0,0
32767,1,32769,32,91,33
32769,0,32769,0,0,0
32769,0,32769,0,91,0
32769,0,32769,0,0,0
32769,0,32769,6,91,0
32769,0,32769,0,0,0
32769,0,32769,91,91,0
32769,0,32769,0,0,0
32767,263,32769,5,91,91
32769,131,32769,74168662805676031,0,0
32769,65,32769,0,91,0
32769,32,32769,0,0,0
32769,16,32769,32,91,0
32769,8,32769,0,0,0
32769,4,32769,91,91,0
32769,2,32769,0,0,0
32767,1,32769,32,91,33
32769,0,32769,0,0,0
32769,0,32769,0,91,0
32769,0,32769,0,0,0
32769,0,32769,6,91,0
32769,0,32769,0,0,0
32769,0,32769,91,91,0
32769,0,32769,0,0,0
32767,263,32769,5,91,91
32769,131,32769,74168662805676031,0,0
32769,65,32769,0,91,0
32769,32,32769,0,0,0
32769,16,32769,32,91,0
32769,8,32769,0,0,0
32769,4,32769,91,91,0
32769,2,32769,0,0,0
32767,1,32769,32,91,33
32769,0,32769,0,0,0
32769,0,32769,0,91,0
32769,0,32769,0,0,0
32769,0,32769,6,91,0
32769,0,32769,0,0,0
32769,0,32769,91,91,0
32769,0,32769,0,0,0
32767,263,32769,5,91,91
32769,131,32769,74168662805676031,0,0
32769,65,32769,0,91,0
32769,32,32769,0,0,0
32769,16,32769,32,91,0
32769,8,32769,0,0,0
32769,4,32769,91,91,0
32769,2,32769,0,0,0
32767,1,32769,32,91,33
32769,0,32769,0,0,0
32769,0,32769,0,91,0
32769,0,32769,0,0,0
32769,0,32769,6,91,0
32769,0,32769,0,0,0
32769,0,32769,91,91,0
32769,0,32769,0,0,0
32767,263,32769,5,91,91
32769,131,32769,74168662805676031,0,0
32769,65,32769,0,91,0
32769,32,32769,0,0,0
32769,16,32769,32,91,0
32769,8,32769,0,0,0
32769,4,32769,91,91,0
32769,2,32769,0,0,0
32767,1,32769,32,91,33
32769,0,32769,0,0,0
32769,0,32769,0,91,0
32769,0,32769,0,0,0
32769,0,32769,6,91,0
32769,0,32769,0,0,0
32769,0,32769,91,91,0
32769,0,32769,0,0,0
32767,263,32769,5,91,91
32769,131,32769,74168662805676031,0,0
32769,65,32769,0,91,0
32769,32,32769,0,0,0
32769,16,32769,32,91,0
32769,8,32769,0,0,0
32769,4,32769,91,91,0
32769,2,32769,0,0,0
32767,1,32769,32,91,33
32769,0,32769,0,0,0
32769,0,32769,0,91,0
32769,0,32769,0,0,0
32769,0,32769,6,91,0
32769,0,32769,0,0,0
32769,0,32769,91,91,0
32769,0,32769,0,0,0
32767,263,32769,5,91,91
32769,131,32769,74168662805676031,0,0
32769,65,32769,0,91,0
32769,32,32769,0,0,0
32769,16,32769,32,91,0
32769,8,32769,0,0,0
32769,4,32769,91,91,0
32769,2,32769,0,0,0
32767,1,32769,32,91,33
32769,0,32769,0,0,0
32769,0,32769,0,91,0
32769,0,32769,0,0,0
32769,0,32769,6,91,0
32769,0,32769,0,0,0
32769,0,32769,91,91,0
32769,0,32769,0,0,0
32767,263,32769,5,91,91
32769,131,32769,74168662805676031,0,0
32769,65,32769,0,91,0
32769,32,32769,0,0,0
32769,16,32769,32,91,0
32769,8,32769,0,0,0
32769,4,32769,91,91,0
32769,2,32769,0,0,0
32767,1,32769,32,91,33
32769,0,32769,0,0,0
32769,0,32769,0,91,0
32769,0,32769,0,0,0
32769,0,32769,6,91,0
32769,0,32769,0,0,0
32769,0,32769,91,91,0
32769,0,32769,0,0,0
32767,263,32769,5,91,91
32769,131,32769,74168662805676031,0,0
32769,65,32769,0,91,0
32769,32,32769,0,0,0
32769,16,32769,32,91,0
32769,8,32769,0,0,0
32769,4,32769,91,91,0
32769,2,32769,0,0,0
32767,1,32769,32,91,33
32769,0,32769,0,0,0
32769,0,32769,0,91,0
32769,0,32769,0,0,0
32769,0,32769,6,91,0
32769,0,32769,0,0,0
32769,0,32769,91,91,0
32769,0,32769,0,0,0
32767,263,32769,5,91,91
32769,131,32769,74168662805676031,0,0
32769,65,32769,0,91,0
32769,32,32769,0,0,0
32769,16,32769,32,91,0
32769,8,32769,0,0,0
32769,4,32769,91,91,0
32769,2,32769,0,0,0
32767,1,32769,32,91,33
32769,0,32769,0,0,0
32769,0,32769,0,91,0
32769,0,32769,0,0,0
32769,0,32769,6,91,0
32769,0,32769,0,0,0
32769,0,32769,91,91,0
32769,0,32769,0,0,0
